keywords,project
carbon fiber reinforced plastics,CFRP
carbon fibre reinforced polymer,CFRP
carbon fiber reinforced polymer,CFRP
carbon fiber reinforced plastics (cfrp),CFRP
Carbon fibers,CFRP
Reinforcement,CFRP
Fiber reinforced plastics,CFRP
CFRP sheet,CFRP
CFRP laminate,CFRP
Fiber reinforced concrete,CFRP
CFRP plates,CFRP
Carbon fiber reinforcement,CFRP
CFRP composites,CFRP
Polymers,CFRP
fiber,CFRP
Fibers,CFRP
reinforcement,CFRP
Fiber reinforced materials,CFRP
Carbon fiber reinforced polymer composite,CFRP
Carbon,CFRP
Reinforced concrete,CFRP
cfrp,CFRP
fiber reinforced plastics,Fiber reinforced plastics
fibre reinforced plastics,Fiber reinforced plastics
reinforced plastics,Fiber reinforced plastics
Fiber reinforced plastics,Fiber reinforced plastics
concretes,concretes
concrete beams and girders,concretes
reinforced concrete,concretes
Reinforced concrete beams,concretes
3d printing,3d printing
3-d printing,3d printing
3d-printing,3d printing
